started_at,method,path,label,status,elapsed_ms,bytes_read,error
2026-06-04T11:22:03.646977+00:00,GET,/static/styles.css,Main stylesheet,200,362.4396000232082,18140,
2026-06-04T11:22:03.667977+00:00,GET,/login,Login page,200,345.96700000111014,30789,
2026-06-04T11:22:03.647979+00:00,GET,/static/styles.css,Main stylesheet,200,381.98830001056194,18140,
2026-06-04T11:22:03.708977+00:00,GET,/register,Register page,200,336.9992999942042,39583,
2026-06-04T11:22:03.748979+00:00,GET,/register,Register page,200,329.93849998456426,39583,
2026-06-04T11:22:03.709976+00:00,GET,/static/styles.css,Main stylesheet,200,419.1995000001043,18140,
2026-06-04T11:22:03.823977+00:00,GET,/register,Register page,200,306.4647999999579,39583,
2026-06-04T11:22:03.749978+00:00,GET,/,Root redirect,200,557.8027000010479,30789,
2026-06-04T11:22:03.789976+00:00,GET,/,Root redirect,200,597.3844999971334,30789,
2026-06-04T11:22:03.809977+00:00,GET,/static/styles.css,Main stylesheet,200,802.2543999832124,18140,
2026-06-04T11:22:04.523630+00:00,GET,/static/styles.css,Main stylesheet,200,283.61329998006113,18140,
2026-06-04T11:22:04.558629+00:00,GET,/static/styles.css,Main stylesheet,200,297.7479000110179,18140,
2026-06-04T11:22:04.523630+00:00,GET,/static/styles.css,Main stylesheet,200,361.70270000002347,18140,
2026-06-04T11:22:04.587631+00:00,GET,/static/styles.css,Main stylesheet,200,329.111400002148,18140,
2026-06-04T11:22:04.558629+00:00,GET,/login,Login page,200,359.3313999881502,30789,
2026-06-04T11:22:04.632734+00:00,GET,/admin-login,Admin login page,200,302.9920000117272,9945,
2026-06-04T11:22:04.820638+00:00,GET,/admin-login,Admin login page,200,261.8683000036981,9945,
2026-06-04T11:22:04.896638+00:00,GET,/register,Register page,200,295.6537999853026,39583,
2026-06-04T11:22:05.113886+00:00,GET,/admin-login,Admin login page,200,233.70700000668876,9945,
2026-06-04T11:22:04.632734+00:00,GET,/admin-login,Admin login page,200,751.6202999977395,9945,
2026-06-04T11:22:05.317754+00:00,GET,/register,Register page,200,298.2124999980442,39583,
2026-06-04T11:22:05.365043+00:00,GET,/register,Register page,200,329.403599986108,39583,
2026-06-04T11:22:05.395577+00:00,GET,/login,Login page,200,349.6674000052735,30789,
2026-06-04T11:22:05.427580+00:00,GET,/register,Register page,200,319.02299998910166,39583,
2026-06-04T11:22:05.596898+00:00,GET,/static/styles.css,Main stylesheet,200,314.90940001094714,18140,
2026-06-04T11:22:05.705737+00:00,GET,/login,Login page,200,283.8280000141822,30789,
2026-06-04T11:22:05.451580+00:00,GET,/,Root redirect,200,578.7716000049841,30789,
2026-06-04T11:22:05.427580+00:00,GET,/,Root redirect,200,646.6935999924317,30789,
2026-06-04T11:22:05.860419+00:00,GET,/login,Login page,200,290.9345999942161,30789,
2026-06-04T11:22:05.892389+00:00,GET,/register,Register page,200,307.2465999866836,39583,
2026-06-04T11:22:06.202358+00:00,GET,/static/styles.css,Main stylesheet,200,280.03069999977015,18140,
2026-06-04T11:22:06.249367+00:00,GET,/login,Login page,200,278.6568000155967,30789,
2026-06-04T11:22:06.249367+00:00,GET,/register,Register page,200,314.9062999873422,39583,
2026-06-04T11:22:06.124615+00:00,GET,/,Root redirect,200,551.7641000042204,30789,
2026-06-04T11:22:06.429884+00:00,GET,/register,Register page,200,265.8980000123847,39583,
2026-06-04T11:22:06.499547+00:00,GET,/admin-login,Admin login page,200,286.55930000240915,9945,
2026-06-04T11:22:06.544552+00:00,GET,/static/styles.css,Main stylesheet,200,301.9849999982398,18140,
2026-06-04T11:22:06.575108+00:00,GET,/register,Register page,200,293.28509999322705,39583,
2026-06-04T11:22:06.651876+00:00,GET,/admin-login,Admin login page,200,292.03379998216406,9945,
2026-06-04T11:22:06.714601+00:00,GET,/register,Register page,200,300.483599974541,39583,
2026-06-04T11:22:07.042697+00:00,GET,/admin-login,Admin login page,200,287.7339999831747,9945,
2026-06-04T11:22:07.074230+00:00,GET,/login,Login page,200,267.5423999899067,30789,
2026-06-04T11:22:07.184078+00:00,GET,/static/styles.css,Main stylesheet,200,303.9076999993995,18140,
2026-06-04T11:22:06.995581+00:00,GET,/,Root redirect,200,627.6887000130955,30789,
2026-06-04T11:22:07.355620+00:00,GET,/static/styles.css,Main stylesheet,200,312.68989999080077,18140,
2026-06-04T11:22:07.450575+00:00,GET,/static/styles.css,Main stylesheet,200,288.6614000017289,18140,
2026-06-04T11:22:07.201085+00:00,GET,/,Root redirect,200,563.600099994801,30789,
2026-06-04T11:22:07.528735+00:00,GET,/login,Login page,200,259.4946000026539,30789,
2026-06-04T11:22:07.293382+00:00,GET,/,Root redirect,200,582.9585999890696,30789,
2026-06-04T11:22:07.373624+00:00,GET,/,Root redirect,200,556.1701999977231,30789,
2026-06-04T11:22:07.856963+00:00,GET,/admin-login,Admin login page,200,256.41420000465587,9945,
2026-06-04T11:22:07.997166+00:00,GET,/admin-login,Admin login page,200,341.5217000001576,9945,
2026-06-04T11:22:07.839959+00:00,GET,/,Root redirect,200,621.1367000069004,30789,
2026-06-04T11:22:08.170625+00:00,GET,/register,Register page,200,310.94429999939166,39583,
2026-06-04T11:22:08.248315+00:00,GET,/login,Login page,200,264.8942999949213,30789,
2026-06-04T11:22:08.296743+00:00,GET,/static/styles.css,Main stylesheet,200,238.37100001401268,18140,
2026-06-04T11:22:08.279739+00:00,GET,/register,Register page,200,294.5482000068296,39583,
2026-06-04T11:22:08.124467+00:00,GET,/,Root redirect,200,548.7293000041973,30789,
2026-06-04T11:22:08.390101+00:00,GET,/register,Register page,200,301.6671000223141,39583,
2026-06-04T11:22:08.436977+00:00,GET,/static/styles.css,Main stylesheet,200,302.04340000636876,18140,
2026-06-04T11:22:08.624175+00:00,GET,/,Root redirect,200,541.729899996426,30789,
2026-06-04T11:22:09.027883+00:00,GET,/register,Register page,200,262.8487000183668,39583,
2026-06-04T11:22:08.982883+00:00,GET,/register,Register page,200,312.15979999979027,39583,
2026-06-04T11:22:09.044885+00:00,GET,/admin-login,Admin login page,200,302.64310000347905,9945,
2026-06-04T11:22:08.842879+00:00,GET,/,Root redirect,200,571.3600000017323,30789,
2026-06-04T11:22:09.202883+00:00,GET,/admin-login,Admin login page,200,269.315599987749,9945,
2026-06-04T11:22:09.185885+00:00,GET,/static/styles.css,Main stylesheet,200,328.23449998977594,18140,
2026-06-04T11:22:09.247885+00:00,GET,/login,Login page,200,272.82860002014786,30789,
2026-06-04T11:22:08.965886+00:00,GET,/,Root redirect,200,559.0621999872383,30789,
2026-06-04T11:22:09.075886+00:00,GET,/,Root redirect,200,611.1502000130713,30789,
2026-06-04T11:22:09.810019+00:00,GET,/admin-login,Admin login page,200,267.2028999950271,9945,
2026-06-04T11:22:09.792018+00:00,GET,/login,Login page,200,286.8637000210583,30789,
2026-06-04T11:22:09.915959+00:00,GET,/admin-login,Admin login page,200,300.7811999996193,9945,
2026-06-04T11:22:09.666764+00:00,GET,/,Root redirect,200,571.436400001403,30789,
2026-06-04T11:22:09.978953+00:00,GET,/admin-login,Admin login page,200,306.6136999987066,9945,
2026-06-04T11:22:10.025881+00:00,GET,/login,Login page,200,330.12510000844486,30789,
2026-06-04T11:22:10.025881+00:00,GET,/login,Login page,200,333.817699982319,30789,
2026-06-04T11:22:09.855035+00:00,GET,/,Root redirect,200,606.8881000101101,30789,
2026-06-04T11:22:10.197757+00:00,GET,/login,Login page,200,267.744800017681,30789,
2026-06-04T11:22:10.025881+00:00,GET,/,Root redirect,200,554.8490999790374,30789,
2026-06-04T11:22:10.586800+00:00,GET,/admin-login,Admin login page,200,273.62160000484437,9945,
2026-06-04T11:22:10.586800+00:00,GET,/admin-login,Admin login page,200,318.5802999942098,9945,
2026-06-04T11:22:10.746960+00:00,GET,/static/styles.css,Main stylesheet,200,270.99489999818616,18140,
2026-06-04T11:22:10.728960+00:00,GET,/admin-login,Admin login page,200,315.12309997924604,9945,
2026-06-04T11:22:10.868583+00:00,GET,/admin-login,Admin login page,200,262.355100014247,9945,
2026-06-04T11:22:10.868583+00:00,GET,/register,Register page,200,300.5010999913793,39583,
2026-06-04T11:22:10.976661+00:00,GET,/admin-login,Admin login page,200,274.2650999862235,9945,
2026-06-04T11:22:10.976661+00:00,GET,/static/styles.css,Main stylesheet,200,328.574099985417,18140,
2026-06-04T11:22:10.790960+00:00,GET,/,Root redirect,200,595.3841999871656,30789,
2026-06-04T11:22:11.085305+00:00,GET,/login,Login page,200,324.684100021841,30789,
2026-06-04T11:22:11.411902+00:00,GET,/login,Login page,200,287.51789999660105,30789,
2026-06-04T11:22:11.519706+00:00,GET,/static/styles.css,Main stylesheet,200,283.5569999879226,18140,
2026-06-04T11:22:11.550706+00:00,GET,/login,Login page,200,302.5031000142917,30789,
2026-06-04T11:22:11.643802+00:00,GET,/static/styles.css,Main stylesheet,200,269.5958999975119,18140,
2026-06-04T11:22:11.679803+00:00,GET,/admin-login,Admin login page,200,281.23610001057386,9945,
2026-06-04T11:22:11.365983+00:00,GET,/,Root redirect,200,612.6180999854114,30789,
2026-06-04T11:22:11.754788+00:00,GET,/static/styles.css,Main stylesheet,200,277.5705000094604,18140,
2026-06-04T11:22:11.893335+00:00,GET,/login,Login page,200,299.64060001657344,30789,
2026-06-04T11:22:11.815790+00:00,GET,/,Root redirect,200,561.3864000188187,30789,
2026-06-04T11:22:11.924459+00:00,GET,/,Root redirect,200,561.1986999865621,30789,
2026-06-04T11:22:12.204285+00:00,GET,/login,Login page,200,332.6948000176344,30789,
2026-06-04T11:22:12.312677+00:00,GET,/admin-login,Admin login page,200,309.37500001164153,9945,
2026-06-04T11:22:12.357568+00:00,GET,/register,Register page,200,362.934500008123,39583,
2026-06-04T11:22:12.466224+00:00,GET,/register,Register page,200,297.64620002242737,39583,
2026-06-04T11:22:12.544229+00:00,GET,/login,Login page,200,251.2208000116516,30789,
2026-06-04T11:22:12.700018+00:00,GET,/login,Login page,200,259.20709999627434,30789,
2026-06-04T11:22:12.483225+00:00,GET,/,Root redirect,200,490.5047999927774,30789,
2026-06-04T11:22:12.419623+00:00,GET,/,Root redirect,200,604.0151999914087,30789,
2026-06-04T11:22:13.042829+00:00,GET,/register,Register page,200,299.37960000825115,39583,
2026-06-04T11:22:12.885824+00:00,GET,/,Root redirect,200,566.4416000072379,30789,
2026-06-04T11:22:13.135832+00:00,GET,/register,Register page,200,322.4311000085436,39583,
2026-06-04T11:22:13.312502+00:00,GET,/login,Login page,200,244.64089999673888,30789,
2026-06-04T11:22:12.996825+00:00,GET,/,Root redirect,200,569.0379000152461,30789,
2026-06-04T11:22:13.462843+00:00,GET,/admin-login,Admin login page,200,242.79329998535104,9945,
2026-06-04T11:22:13.480843+00:00,GET,/admin-login,Admin login page,200,281.8861000123434,9945,
2026-06-04T11:22:13.228835+00:00,GET,/,Root redirect,200,538.8145000033546,30789,
2026-06-04T11:22:13.525758+00:00,GET,/register,Register page,200,270.994199992856,39583,
2026-06-04T11:22:13.276501+00:00,GET,/,Root redirect,200,627.9362000059336,30789,
2026-06-04T11:22:13.852363+00:00,GET,/login,Login page,200,257.903100020485,30789,
2026-06-04T11:22:13.960900+00:00,GET,/static/styles.css,Main stylesheet,200,363.49089999566786,18140,
2026-06-04T11:22:14.069871+00:00,GET,/static/styles.css,Main stylesheet,200,272.58489999803714,18140,
2026-06-04T11:22:14.069871+00:00,GET,/static/styles.css,Main stylesheet,200,299.17220000061207,18140,
2026-06-04T11:22:14.207918+00:00,GET,/register,Register page,200,301.9645999884233,39583,
2026-06-04T11:22:13.960900+00:00,GET,/,Root redirect,200,571.4372000074945,30789,
2026-06-04T11:22:14.270210+00:00,GET,/static/styles.css,Main stylesheet,200,284.84119998756796,18140,
2026-06-04T11:22:14.305211+00:00,GET,/static/styles.css,Main stylesheet,200,299.01740001514554,18140,
2026-06-04T11:22:14.270210+00:00,GET,/login,Login page,200,337.68989998498,30789,
2026-06-04T11:22:14.408879+00:00,GET,/register,Register page,200,273.0232000176329,39583,
2026-06-04T11:22:14.843801+00:00,GET,/register,Register page,200,271.0740999900736,39583,
2026-06-04T11:22:14.873672+00:00,GET,/static/styles.css,Main stylesheet,200,243.8079999992624,18140,
2026-06-04T11:22:14.624777+00:00,GET,/,Root redirect,200,561.6413000097964,30789,
2026-06-04T11:22:15.013081+00:00,GET,/static/styles.css,Main stylesheet,200,282.9941999807488,18140,
2026-06-04T11:22:15.043081+00:00,GET,/admin-login,Admin login page,200,295.2859999786597,9945,
2026-06-04T11:22:15.058081+00:00,GET,/register,Register page,200,314.1925999952946,39583,
2026-06-04T11:22:15.119411+00:00,GET,/register,Register page,200,307.8960000129882,39583,
2026-06-04T11:22:14.826795+00:00,GET,/,Root redirect,200,620.7659000065178,30789,
2026-06-04T11:22:15.195418+00:00,GET,/admin-login,Admin login page,200,273.8394000043627,9945,
2026-06-04T11:22:15.119411+00:00,GET,/,Root redirect,200,534.8854000039864,30789,
2026-06-04T11:22:15.617780+00:00,GET,/register,Register page,200,306.9506000028923,39583,
2026-06-04T11:22:15.617780+00:00,GET,/admin-login,Admin login page,200,378.5218999837525,9945,
2026-06-04T11:22:15.695735+00:00,GET,/admin-login,Admin login page,200,301.7900999984704,9945,
2026-06-04T11:22:15.849582+00:00,GET,/register,Register page,200,272.381899994798,39583,
2026-06-04T11:22:15.880836+00:00,GET,/login,Login page,200,260.6818999920506,30789,
2026-06-04T11:22:15.975926+00:00,GET,/register,Register page,200,261.1392999824602,39583,
2026-06-04T11:22:15.958923+00:00,GET,/register,Register page,200,279.5408999954816,39583,
2026-06-04T11:22:15.927932+00:00,GET,/static/styles.css,Main stylesheet,200,335.93780000228435,18140,
2026-06-04T11:22:15.802461+00:00,GET,/,Root redirect,200,530.0108999945223,30789,
2026-06-04T11:22:16.160928+00:00,GET,/admin-login,Admin login page,200,270.319200004451,9945,
2026-06-04T11:22:16.502375+00:00,GET,/static/styles.css,Main stylesheet,200,323.15539999399334,18140,
2026-06-04T11:22:16.502375+00:00,GET,/login,Login page,200,324.2102999938652,30789,
2026-06-04T11:22:16.626953+00:00,GET,/login,Login page,200,311.35299999732524,30789,
2026-06-04T11:22:16.643952+00:00,GET,/static/styles.css,Main stylesheet,200,295.88000001967885,18140,
2026-06-04T11:22:16.786479+00:00,GET,/admin-login,Admin login page,200,278.7444000132382,9945,
2026-06-04T11:22:16.439937+00:00,GET,/,Root redirect,200,633.0719000252429,30789,
2026-06-04T11:22:16.752475+00:00,GET,/admin-login,Admin login page,200,327.1220999886282,9945,
2026-06-04T11:22:16.846956+00:00,GET,/admin-login,Admin login page,200,237.98330000136048,9945,
2026-06-04T11:22:16.940796+00:00,GET,/register,Register page,200,269.3979000032414,39583,
2026-06-04T11:22:16.752475+00:00,GET,/,Root redirect,200,562.136200023815,30789,
2026-06-04T11:22:17.331968+00:00,GET,/login,Login page,200,319.2777000076603,30789,
2026-06-04T11:22:17.331968+00:00,GET,/register,Register page,200,320.42490001185797,39583,
2026-06-04T11:22:17.455969+00:00,GET,/register,Register page,200,254.5780999935232,39583,
2026-06-04T11:22:17.438968+00:00,GET,/login,Login page,200,310.647499980405,30789,
2026-06-04T11:22:17.579973+00:00,GET,/login,Login page,200,323.0195999785792,30789,
2026-06-04T11:22:17.579973+00:00,GET,/register,Register page,200,324.09549999283627,39583,
2026-06-04T11:22:17.597973+00:00,GET,/static/styles.css,Main stylesheet,200,330.12219998636283,18140,
2026-06-04T11:22:17.720632+00:00,GET,/login,Login page,200,252.79060000320897,30789,
2026-06-04T11:22:17.828793+00:00,GET,/admin-login,Admin login page,200,271.85069999541156,9945,
2026-06-04T11:22:17.579973+00:00,GET,/,Root redirect,200,551.5109999978449,30789,
2026-06-04T11:22:18.156747+00:00,GET,/admin-login,Admin login page,200,306.76710000261664,9945,
2026-06-04T11:22:18.156747+00:00,GET,/admin-login,Admin login page,200,345.61930000199936,9945,
2026-06-04T11:22:18.218193+00:00,GET,/static/styles.css,Main stylesheet,200,285.20969999954104,18140,
2026-06-04T11:22:18.264694+00:00,GET,/admin-login,Admin login page,200,297.8713000193238,9945,
2026-06-04T11:22:18.437825+00:00,GET,/login,Login page,200,297.16250000637956,30789,
2026-06-04T11:22:18.482789+00:00,GET,/admin-login,Admin login page,200,292.5173999974504,9945,
2026-06-04T11:22:18.605976+00:00,GET,/admin-login,Admin login page,200,254.89439998636954,9945,
2026-06-04T11:22:18.404824+00:00,GET,/,Root redirect,200,537.0999999868218,30789,
2026-06-04T11:22:18.637005+00:00,GET,/static/styles.css,Main stylesheet,200,318.872800009558,18140,
2026-06-04T11:22:18.404824+00:00,GET,/,Root redirect,200,641.4401000074577,30789,
2026-06-04T11:22:18.978018+00:00,GET,/admin-login,Admin login page,200,281.25460000592284,9945,
2026-06-04T11:22:19.010024+00:00,GET,/static/styles.css,Main stylesheet,200,307.9552999988664,18140,
2026-06-04T11:22:19.070846+00:00,GET,/login,Login page,200,248.7812000035774,30789,
2026-06-04T11:22:19.296974+00:00,GET,/static/styles.css,Main stylesheet,200,237.31019999831915,18140,
2026-06-04T11:22:19.239723+00:00,GET,/login,Login page,200,329.2043999827001,30789,
2026-06-04T11:22:19.010024+00:00,GET,/,Root redirect,200,671.7141999979503,30789,
2026-06-04T11:22:19.363804+00:00,GET,/admin-login,Admin login page,200,319.4715999998152,9945,
2026-06-04T11:22:19.472181+00:00,GET,/register,Register page,200,269.92049999535084,39583,
2026-06-04T11:22:19.455180+00:00,GET,/admin-login,Admin login page,200,330.822599993553,9945,
2026-06-04T11:22:19.766042+00:00,GET,/login,Login page,200,245.58809999143705,30789,
2026-06-04T11:22:19.828067+00:00,GET,/login,Login page,200,306.23680001008324,30789,
2026-06-04T11:22:19.548566+00:00,GET,/,Root redirect,200,610.6346000160556,30789,
2026-06-04T11:22:20.077247+00:00,GET,/static/styles.css,Main stylesheet,200,253.92369998735376,18140,
2026-06-04T11:22:19.828067+00:00,GET,/,Root redirect,200,588.3403999905568,30789,
2026-06-04T11:22:20.245709+00:00,GET,/login,Login page,200,261.51449998724274,30789,
2026-06-04T11:22:20.293068+00:00,GET,/login,Login page,200,281.3468999811448,30789,
2026-06-04T11:22:20.045871+00:00,GET,/,Root redirect,200,567.6856000209227,30789,
2026-06-04T11:22:20.183956+00:00,GET,/,Root redirect,200,571.0519999847747,30789,
2026-06-04T11:22:20.183956+00:00,GET,/,Root redirect,200,601.3364999962505,30789,
2026-06-04T11:22:20.664178+00:00,GET,/login,Login page,200,253.7399999855552,30789,
2026-06-04T11:22:20.647173+00:00,GET,/login,Login page,200,298.4766000008676,30789,
2026-06-04T11:22:20.525090+00:00,GET,/,Root redirect,200,576.7507000127807,30789,
2026-06-04T11:22:20.844398+00:00,GET,/static/styles.css,Main stylesheet,200,303.10520000057295,18140,
2026-06-04T11:22:20.927093+00:00,GET,/login,Login page,200,315.97579998197034,30789,
2026-06-04T11:22:21.020135+00:00,GET,/register,Register page,200,286.35880001820624,39583,
2026-06-04T11:22:21.082622+00:00,GET,/login,Login page,200,264.356300001964,30789,
2026-06-04T11:22:21.129060+00:00,GET,/register,Register page,200,294.3760000052862,39583,
2026-06-04T11:22:21.426237+00:00,GET,/static/styles.css,Main stylesheet,200,253.5601999843493,18140,
2026-06-04T11:22:21.269883+00:00,GET,/,Root redirect,200,546.0143000236712,30789,
2026-06-04T11:22:21.286884+00:00,GET,/,Root redirect,200,529.5612000045367,30789,
2026-06-04T11:22:21.613873+00:00,GET,/static/styles.css,Main stylesheet,200,253.34880000445992,18140,
2026-06-04T11:22:21.660259+00:00,GET,/register,Register page,200,245.49750000005588,39583,
2026-06-04T11:22:21.458235+00:00,GET,/,Root redirect,200,559.5560999936424,30789,
2026-06-04T11:22:21.848970+00:00,GET,/static/styles.css,Main stylesheet,200,242.34110000543296,18140,
2026-06-04T11:22:21.927635+00:00,GET,/login,Login page,200,279.8254000081215,30789,
2026-06-04T11:22:21.816745+00:00,GET,/,Root redirect,200,538.9503999904264,30789,
2026-06-04T11:22:21.753294+00:00,GET,/,Root redirect,200,793.2893999968655,30789,
2026-06-04T11:22:22.320535+00:00,GET,/register,Register page,200,309.74670001887716,39583,
2026-06-04T11:22:22.368034+00:00,GET,/static/styles.css,Main stylesheet,200,333.8722000189591,18140,
2026-06-04T11:22:22.180031+00:00,GET,/,Root redirect,200,553.3897000132129,30789,
2026-06-04T11:22:22.415287+00:00,GET,/register,Register page,200,346.0847000242211,39583,
2026-06-04T11:22:22.524288+00:00,GET,/admin-login,Admin login page,200,257.5563999998849,9945,
2026-06-04T11:22:22.320535+00:00,GET,/,Root redirect,200,584.0265000006184,30789,
2026-06-04T11:22:22.713419+00:00,GET,/static/styles.css,Main stylesheet,200,303.88229998061433,18140,
2026-06-04T11:22:22.611414+00:00,GET,/,Root redirect,200,554.5785000140313,30789,
2026-06-04T11:22:22.867443+00:00,GET,/static/styles.css,Main stylesheet,200,300.2293999888934,18140,
2026-06-04T11:22:23.052324+00:00,GET,/register,Register page,200,267.3876000044402,39583,
2026-06-04T11:22:23.209059+00:00,GET,/static/styles.css,Main stylesheet,200,290.0880000088364,18140,
2026-06-04T11:22:23.241315+00:00,GET,/login,Login page,200,261.73269998980686,30789,
2026-06-04T11:22:23.289933+00:00,GET,/static/styles.css,Main stylesheet,200,252.78979999711737,18140,
2026-06-04T11:22:23.272934+00:00,GET,/admin-login,Admin login page,200,271.97060000617057,9945,
2026-06-04T11:22:23.145910+00:00,GET,/,Root redirect,200,491.6070000035688,30789,
2026-06-04T11:22:23.411922+00:00,GET,/login,Login page,200,259.0335999848321,30789,
2026-06-04T11:22:23.521053+00:00,GET,/static/styles.css,Main stylesheet,200,249.5333999977447,18140,
2026-06-04T11:22:23.673603+00:00,GET,/login,Login page,200,274.39450001111254,30789,
2026-06-04T11:22:23.673603+00:00,GET,/admin-login,Admin login page,200,313.35810001473874,9945,
2026-06-04T11:22:23.828004+00:00,GET,/register,Register page,200,257.3203000065405,39583,
2026-06-04T11:22:24.016833+00:00,GET,/static/styles.css,Main stylesheet,200,285.03480000654235,18140,
2026-06-04T11:22:24.047343+00:00,GET,/register,Register page,200,256.02440000511706,39583,
2026-06-04T11:22:24.047343+00:00,GET,/admin-login,Admin login page,200,257.5254999974277,9945,
2026-06-04T11:22:24.143343+00:00,GET,/admin-login,Admin login page,200,253.9886000158731,9945,
2026-06-04T11:22:24.174203+00:00,GET,/register,Register page,200,257.4548000120558,39583,
2026-06-04T11:22:23.999831+00:00,GET,/,Root redirect,200,569.1771999991033,30789,
2026-06-04T11:22:24.497303+00:00,GET,/admin-login,Admin login page,200,259.4804000109434,9945,
2026-06-04T11:22:24.451140+00:00,GET,/admin-login,Admin login page,200,307.1101999958046,9945,
2026-06-04T11:22:24.282203+00:00,GET,/,Root redirect,200,616.9895999773871,30789,
2026-06-04T11:22:24.806034+00:00,GET,/admin-login,Admin login page,200,285.90600000461563,9945,
2026-06-04T11:22:24.806034+00:00,GET,/login,Login page,200,287.6778000209015,30789,
2026-06-04T11:22:24.806034+00:00,GET,/static/styles.css,Main stylesheet,200,309.3181000149343,18140,
2026-06-04T11:22:24.591236+00:00,GET,/,Root redirect,200,583.3208000112791,30789,
2026-06-04T11:22:24.946411+00:00,GET,/admin-login,Admin login page,200,241.8115000182297,9945,
2026-06-04T11:22:24.899279+00:00,GET,/static/styles.css,Main stylesheet,200,290.422199992463,18140,
2026-06-04T11:22:25.072035+00:00,GET,/login,Login page,200,363.79269999451935,30789,
2026-06-04T11:22:25.259217+00:00,GET,/admin-login,Admin login page,200,327.2190999996383,9945,
2026-06-04T11:22:25.259217+00:00,GET,/static/styles.css,Main stylesheet,200,342.2238000202924,18140,
2026-06-04T11:22:25.400465+00:00,GET,/static/styles.css,Main stylesheet,200,277.42339999531396,18140,
2026-06-04T11:22:25.603227+00:00,GET,/login,Login page,200,332.1275000052992,30789,
2026-06-04T11:22:25.621229+00:00,GET,/register,Register page,200,344.9565999908373,39583,
2026-06-04T11:22:25.603227+00:00,GET,/admin-login,Admin login page,200,368.4992999769747,9945,
2026-06-04T11:22:25.945622+00:00,GET,/admin-login,Admin login page,200,275.45429999008775,9945,
2026-06-04T11:22:25.697229+00:00,GET,/,Root redirect,200,561.3674999913201,30789,
2026-06-04T11:22:25.698228+00:00,GET,/,Root redirect,200,582.0918999961577,30789,
2026-06-04T11:22:25.680228+00:00,GET,/,Root redirect,200,610.0923999911174,30789,
2026-06-04T11:22:26.117487+00:00,GET,/admin-login,Admin login page,200,236.88330000732094,9945,
2026-06-04T11:22:26.099488+00:00,GET,/,Root redirect,200,523.4229000052437,30789,
2026-06-04T11:22:26.436997+00:00,GET,/login,Login page,200,279.33769999071956,30789,
2026-06-04T11:22:26.483997+00:00,GET,/static/styles.css,Main stylesheet,200,270.882500015432,18140,
2026-06-04T11:22:26.471997+00:00,GET,/static/styles.css,Main stylesheet,200,283.75079997931607,18140,
2026-06-04T11:22:26.192739+00:00,GET,/,Root redirect,200,631.8982999946456,30789,
2026-06-04T11:22:26.734268+00:00,GET,/admin-login,Admin login page,200,281.8540000007488,9945,
2026-06-04T11:22:26.765271+00:00,GET,/static/styles.css,Main stylesheet,200,266.2240999925416,18140,
2026-06-04T11:22:26.786268+00:00,GET,/admin-login,Admin login page,200,277.27029999368824,9945,
2026-06-04T11:22:26.799268+00:00,GET,/admin-login,Admin login page,200,319.10719998995773,9945,
2026-06-04T11:22:27.137892+00:00,GET,/login,Login page,200,236.23909999150783,30789,
2026-06-04T11:22:26.859187+00:00,GET,/,Root redirect,200,564.19599999208,30789,
2026-06-04T11:22:27.230282+00:00,GET,/register,Register page,200,272.10469997953624,39583,
2026-06-04T11:22:27.261286+00:00,GET,/login,Login page,200,293.7464999849908,30789,
2026-06-04T11:22:27.338024+00:00,GET,/admin-login,Admin login page,200,250.93020001077093,9945,
2026-06-04T11:22:27.521329+00:00,GET,/login,Login page,200,325.43660001829267,30789,
2026-06-04T11:22:27.567329+00:00,GET,/static/styles.css,Main stylesheet,200,287.1692999906372,18140,
2026-06-04T11:22:27.628656+00:00,GET,/static/styles.css,Main stylesheet,200,234.00920000858605,18140,
2026-06-04T11:22:27.261286+00:00,GET,/,Root redirect,200,636.0601999913342,30789,
2026-06-04T11:22:27.539329+00:00,GET,/,Root redirect,200,512.5901999999769,30789,
2026-06-04T11:22:27.924291+00:00,GET,/admin-login,Admin login page,200,302.51989999669604,9945,
2026-06-04T11:22:28.002669+00:00,GET,/register,Register page,200,287.7357999968808,39583,
2026-06-04T11:22:28.096422+00:00,GET,/admin-login,Admin login page,200,350.9442000067793,9945,
2026-06-04T11:22:27.877665+00:00,GET,/,Root redirect,200,571.0893000068609,30789,
2026-06-04T11:22:28.065172+00:00,GET,/,Root redirect,200,597.7634000009857,30789,
2026-06-04T11:22:28.367429+00:00,GET,/admin-login,Admin login page,200,298.0995000107214,9945,
2026-06-04T11:22:28.387431+00:00,GET,/static/styles.css,Main stylesheet,200,312.4277000024449,18140,
2026-06-04T11:22:28.562417+00:00,GET,/static/styles.css,Main stylesheet,200,276.40090000932105,18140,
2026-06-04T11:22:28.367429+00:00,GET,/,Root redirect,200,574.6435000037309,30789,
2026-06-04T11:22:28.425430+00:00,GET,/,Root redirect,200,608.607399975881,30789,
2026-06-04T11:22:28.794694+00:00,GET,/static/styles.css,Main stylesheet,200,250.4377999866847,18140,
2026-06-04T11:22:28.739440+00:00,GET,/login,Login page,200,331.45579998381436,30789,
2026-06-04T11:22:28.950580+00:00,GET,/register,Register page,200,282.81830000923946,39583,
2026-06-04T11:22:28.950580+00:00,GET,/login,Login page,200,305.8889999811072,30789,
2026-06-04T11:22:29.166978+00:00,GET,/admin-login,Admin login page,200,265.95100000849925,9945,
2026-06-04T11:22:29.166978+00:00,GET,/register,Register page,200,300.25000000023283,39583,
2026-06-04T11:22:29.352650+00:00,GET,/static/styles.css,Main stylesheet,200,302.5519000075292,18140,
2026-06-04T11:22:29.214376+00:00,GET,/,Root redirect,200,494.325999985449,30789,
2026-06-04T11:22:29.446637+00:00,GET,/admin-login,Admin login page,200,343.42210000613704,9945,
2026-06-04T11:22:29.539386+00:00,GET,/register,Register page,200,267.64880001428537,39583,
2026-06-04T11:22:29.575386+00:00,GET,/login,Login page,200,279.5996000058949,30789,
2026-06-04T11:22:29.739958+00:00,GET,/admin-login,Admin login page,200,256.55079999705777,9945,
2026-06-04T11:22:29.558386+00:00,GET,/,Root redirect,200,621.0101000033319,30789,
2026-06-04T11:22:29.943525+00:00,GET,/static/styles.css,Main stylesheet,200,334.47139998315834,18140,
2026-06-04T11:22:29.770645+00:00,GET,/,Root redirect,200,573.5157000017352,30789,
2026-06-04T11:22:30.158394+00:00,GET,/static/styles.css,Main stylesheet,200,273.07419999851845,18140,
2026-06-04T11:22:30.219829+00:00,GET,/login,Login page,200,303.4023999935016,30789,
2026-06-04T11:22:29.973353+00:00,GET,/,Root redirect,200,610.4124000121374,30789,
2026-06-04T11:22:30.302827+00:00,GET,/register,Register page,200,292.24080001586117,39583,
2026-06-04T11:22:30.361256+00:00,GET,/login,Login page,200,268.763800006127,30789,
2026-06-04T11:22:30.321827+00:00,GET,/register,Register page,200,313.57699999352917,39583,
2026-06-04T11:22:30.687402+00:00,GET,/static/styles.css,Main stylesheet,200,321.69530002283864,18140,
2026-06-04T11:22:30.500712+00:00,GET,/,Root redirect,200,521.3462999963667,30789,
2026-06-04T11:22:30.781468+00:00,GET,/admin-login,Admin login page,200,266.6795999975875,9945,
2026-06-04T11:22:30.935857+00:00,GET,/register,Register page,200,301.71170001267456,39583,
2026-06-04T11:22:31.029230+00:00,GET,/login,Login page,200,269.73390000057407,30789,
2026-06-04T11:22:31.107854+00:00,GET,/register,Register page,200,282.25940000265837,39583,
2026-06-04T11:22:30.858112+00:00,GET,/,Root redirect,200,543.7853999901563,30789,
2026-06-04T11:22:31.143854+00:00,GET,/static/styles.css,Main stylesheet,200,296.39050000696443,18140,
2026-06-04T11:22:31.143854+00:00,GET,/static/styles.css,Main stylesheet,200,321.59010000759736,18140,
2026-06-04T11:22:31.090854+00:00,GET,/,Root redirect,200,584.097400016617,30789,
2026-06-04T11:22:31.528318+00:00,GET,/login,Login page,200,297.649200016167,30789,
2026-06-04T11:22:31.511275+00:00,GET,/,Root redirect,200,520.7180999859702,30789,
2026-06-04T11:22:31.743997+00:00,GET,/static/styles.css,Main stylesheet,200,331.1540999857243,18140,
2026-06-04T11:22:31.558317+00:00,GET,/,Root redirect,200,566.0340000176802,30789,
2026-06-04T11:22:31.917548+00:00,GET,/login,Login page,200,309.14599998504855,30789,
2026-06-04T11:22:31.900548+00:00,GET,/register,Register page,200,335.4807000141591,39583,
2026-06-04T11:22:31.946302+00:00,GET,/login,Login page,200,290.9675999835599,30789,
2026-06-04T11:22:31.977294+00:00,GET,/admin-login,Admin login page,200,264.2455000022892,9945,
2026-06-04T11:22:31.806447+00:00,GET,/,Root redirect,200,614.8995000112336,30789,
2026-06-04T11:22:32.181807+00:00,GET,/register,Register page,200,316.9153000053484,39583,
2026-06-04T11:22:32.335934+00:00,GET,/admin-login,Admin login page,200,274.39220002270304,9945,
2026-06-04T11:22:32.539192+00:00,GET,/login,Login page,200,289.93339999578893,30789,
2026-06-04T11:22:32.634194+00:00,GET,/login,Login page,200,288.2652999833226,30789,
2026-06-04T11:22:32.727457+00:00,GET,/login,Login page,200,337.37870000186376,30789,
2026-06-04T11:22:32.746456+00:00,GET,/register,Register page,200,322.9633000155445,39583,
2026-06-04T11:22:32.746456+00:00,GET,/register,Register page,200,341.0202999948524,39583,
2026-06-04T11:22:32.746456+00:00,GET,/register,Register page,200,352.91389998747036,39583,
2026-06-04T11:22:32.929623+00:00,GET,/register,Register page,200,237.89180000312626,39583,
2026-06-04T11:22:32.587193+00:00,GET,/,Root redirect,200,589.2820000008214,30789,
2026-06-04T11:22:33.006001+00:00,GET,/static/styles.css,Main stylesheet,200,381.4272000163328,18140,
2026-06-04T11:22:33.114255+00:00,GET,/login,Login page,200,292.53989999415353,30789,
2026-06-04T11:22:33.425477+00:00,GET,/admin-login,Admin login page,200,243.98210001527332,9945,
2026-06-04T11:22:33.566480+00:00,GET,/admin-login,Admin login page,200,269.03090000269003,9945,
2026-06-04T11:22:33.619482+00:00,GET,/admin-login,Admin login page,200,272.34690001932904,9945,
2026-06-04T11:22:33.601482+00:00,GET,/login,Login page,200,298.3502999995835,30789,
2026-06-04T11:22:33.332435+00:00,GET,/,Root redirect,200,585.7667000091169,30789,
2026-06-04T11:22:33.583485+00:00,GET,/,Root redirect,200,588.6108999839053,30789,
